Time (%),Total Time (ns),Instances,Avg (ns),Med (ns),Min (ns),Max (ns),StdDev (ns),Name
38.0,681429082,128,5323664.7,5252407.0,5146693,5657798,174594.3,fused_double_ft_backward
19.4,347534694,388,895708.0,917910.5,7937,75760237,3837061.5,"ncclDevKernel_AllReduce_Sum_f32_RING_LL(ncclDevComm *, unsigned long, ncclWork *)"
12.1,217371205,128,1698212.5,1696778.5,1673739,1734734,12448.7,fused_double_ft_forward
9.2,164845634,1792,91989.8,24048.0,4736,274402,106048.1,"void at::native::<unnamed>::multi_tensor_apply_kernel<at::native::<unnamed>::FusedOptimizerTensorListMetadata<(int)4>, at::native::<unnamed>::FusedAdamMathFunctor<float, (int)4, (at::native::ADAM_MODE)1, (bool)0>, const float *, double, double, double, double, double, bool, const float *, const float *>(T1, T2, T3...)"
2.7,48818240,128,381392.5,381571.0,378147,384931,1647.0,void cutlass::Kernel2<cutlass_80_simt_sgemm_256x128_8x4_nn_align1>(T1::Params)
2.5,45198279,128,353111.6,353506.5,349890,355586,1258.4,sm80_xmma_gemm_f32f32_f32f32_f32_tn_n_tilesize128x128x8_stage3_warpsize2x2x1_ffma_aligna4_alignc4_execute_kernel__5x_cublas
2.4,42204812,128,329725.1,330114.0,327554,331810,1129.8,void cutlass::Kernel2<cutlass_80_simt_sgemm_128x256_8x4_nt_align1>(T1::Params)
2.2,38815792,640,60649.7,61617.0,40544,85248,13220.9,"void at::native::<unnamed>::multi_tensor_apply_kernel<at::native::<unnamed>::TensorListMetadata<(int)1>, at::native::<unnamed>::BinaryOpScalarTensorFunctor<float, (int)1, (int)1, (int)0>, std::multiplies<float>, float *, float>(T1, T2, T3...)"
2.1,37589676,3328,11295.0,1600.0,1216,180834,33507.3,"void at::native::vectorized_elementwise_kernel<(int)4, at::native::AUnaryFunctor<float, float, float, at::native::binary_internal::MulFunctor<float>>, std::array<char *, (unsigned long)2>>(int, T2, T3)"
2.0,35081882,128,274077.2,274194.0,272674,275458,664.5,triton_poi_fused_add_cat_div_mul_round_sub_0
1.1,19670856,640,30735.7,31392.0,19104,40897,6294.8,"void at::native::<unnamed>::multi_tensor_apply_kernel<at::native::<unnamed>::TensorListMetadata<(int)1>, at::native::LpNormFunctor<float, (at::native::NormType)1, float, (int)1, (int)1, (int)0>, float *, int>(T1, T2, T3...)"
0.9,15525296,1031,15058.5,1504.0,1087,113377,36315.6,"void at::native::vectorized_elementwise_kernel<(int)4, at::native::FillFunctor<float>, std::array<char *, (unsigned long)1>>(int, T2, T3)"
0.6,11399891,128,89061.6,89152.0,87777,89793,420.8,triton_poi_fused_mul_0
0.6,10980778,128,85787.3,85824.5,84480,86753,533.6,triton_poi_fused_add_div_floor_mul_sub_0
0.6,10361490,256,40474.6,33312.5,2144,140033,39096.4,triton_per_fused_sum_0
0.3,5198726,128,40615.0,40608.0,39712,41344,279.1,sm80_xmma_gemm_f32f32_f32f32_f32_tn_n_tilesize64x128x8_stage3_warpsize1x4x1_ffma_aligna4_alignc4_execute_kernel__5x_cublas
0.3,4705053,256,18379.1,18288.0,2079,35872,16140.9,triton_poi_fused_repeat_0
0.2,3963072,128,30961.5,31008.0,30400,31393,203.6,void cutlass::Kernel2<cutlass_80_simt_sgemm_64x64_8x5_nt_align1>(T1::Params)
0.2,3756379,128,29346.7,29344.0,28736,30624,314.7,sm80_xmma_gemm_f32f32_f32f32_f32_nn_n_tilesize128x64x8_stage3_warpsize2x2x1_ffma_aligna4_alignc4_execute_kernel__5x_cublas
0.2,2869749,256,11210.0,11200.0,11040,11489,81.5,triton_poi_fused_add_index_put_mul_new_zeros_4
0.2,2820228,1280,2203.3,2207.0,1727,3680,347.0,"void at::native::<unnamed>::multi_tensor_apply_kernel<at::native::<unnamed>::TensorListMetadata<(int)1>, at::native::<unnamed>::BinaryOpScalarFunctor<float, (int)1, (int)1, (int)0>, std::plus<float>, float>(T1, T2, T3...)"
0.1,2688625,256,10502.4,10704.0,7328,14048,2471.5,triton_red_fused_sum_6
0.1,2350441,1536,1530.2,1504.0,1408,2240,95.2,"void at::native::vectorized_elementwise_kernel<(int)4, at::native::CUDAFunctorOnSelf_add<float>, std::array<char *, (unsigned long)2>>(int, T2, T3)"
0.1,2303434,1408,1636.0,1537.0,1408,2113,174.6,"void at::native::vectorized_elementwise_kernel<(int)4, at::native::CUDAFunctor_add<float>, std::array<char *, (unsigned long)3>>(int, T2, T3)"
0.1,2217608,512,4331.3,4447.5,2175,6753,1748.0,"void at::native::reduce_kernel<(int)512, (int)1, at::native::ReduceOp<float, at::native::func_wrapper_t<float, at::native::sum_functor<float, float, float>::operator ()(at::TensorIterator &)::[lambda(float, float) (instance 1)]>, unsigned int, float, (int)4>>(T3)"
0.1,2005459,1280,1566.8,1536.0,1376,2304,129.6,"void at::native::vectorized_elementwise_kernel<(int)4, at::native::BinaryFunctor<float, float, float, at::native::binary_internal::MulFunctor<float>>, std::array<char *, (unsigned long)3>>(int, T2, T3)"
0.1,1977865,384,5150.7,4832.0,4416,6272,601.8,"void cublasLt::splitKreduce_kernel<(int)32, (int)16, int, float, float, float, float, (bool)1, (bool)0, (bool)0>(cublasLt::cublasSplitKParams<T6>, const T4 *, const T5 *, T5 *, const T6 *, const T6 *, const T7 *, const T4 *, T7 *, void *, long, T6 *, int *)"
0.1,1784233,128,13939.3,13887.5,13504,14880,279.9,triton_poi_fused_add_index_put_mul_new_zeros_select_backward_8
0.1,1712036,128,13375.3,13344.0,13024,14016,190.3,void cutlass::Kernel2<cutlass_80_simt_sgemm_128x32_8x5_nt_align1>(T1::Params)
0.1,1514633,128,11833.1,11824.5,11552,12160,106.7,sm80_xmma_gemm_f32f32_f32f32_f32_tn_n_tilesize128x32x8_stage3_warpsize2x2x1_ffma_aligna4_alignc4_execute_kernel__5x_cublas
0.1,1392040,128,10875.3,10848.0,10528,11744,219.4,triton_poi_fused_cat_10
0.1,1305863,128,10202.1,10144.0,9792,11104,262.2,triton_poi_fused_add_index_put_mul_new_zeros_5
0.1,1229159,128,9602.8,9600.5,9248,10080,211.7,void cutlass::Kernel2<cutlass_80_simt_sgemm_128x32_8x5_nn_align1>(T1::Params)
0.1,1154625,768,1503.4,1504.0,1408,1664,40.8,"void at::native::vectorized_elementwise_kernel<(int)4, at::native::BUnaryFunctor<float, float, float, at::native::binary_internal::MulFunctor<float>>, std::array<char *, (unsigned long)2>>(int, T2, T3)"
0.1,1146225,768,1492.5,1503.0,1407,1632,37.9,"void at::native::vectorized_elementwise_kernel<(int)4, at::native::neg_kernel_cuda(at::TensorIteratorBase &)::[lambda() (instance 2)]::operator ()() const::[lambda() (instance 7)]::operator ()() const::[lambda(float) (instance 1)], std::array<char *, (unsigned long)2>>(int, T2, T3)"
0.1,1008035,640,1575.1,1568.0,1311,1888,104.4,"void at::native::vectorized_elementwise_kernel<(int)4, at::native::<unnamed>::launch_clamp_scalar(at::TensorIteratorBase &, c10::Scalar, c10::Scalar, at::native::detail::ClampLimits)::[lambda() (instance 1)]::operator ()() const::[lambda() (instance 7)]::operator ()() const::[lambda(float) (instance 1)], std::array<char *, (unsigned long)2>>(int, T2, T3)"
0.1,969862,128,7577.0,7552.0,7264,8128,153.4,triton_poi_fused_index_mul_pow_8
0.0,854226,512,1668.4,1664.0,1568,1792,36.6,"void at::native::vectorized_elementwise_kernel<(int)4, at::native::sigmoid_kernel_cuda(at::TensorIteratorBase &)::[lambda() (instance 2)]::operator ()() const::[lambda() (instance 2)]::operator ()() const::[lambda(float) (instance 1)], std::array<char *, (unsigned long)2>>(int, T2, T3)"
0.0,853219,128,6665.8,6672.5,6304,7072,156.8,triton_poi_fused_cat_clamp_ge_le_logical_and_7
0.0,782469,128,6113.0,6112.0,5664,6880,200.7,triton_poi_fused_cat_ge_le_logical_and_9
0.0,649089,384,1690.3,1600.0,1375,2336,207.1,"void at::native::vectorized_elementwise_kernel<(int)4, at::native::AbsFunctor<float>, std::array<char *, (unsigned long)2>>(int, T2, T3)"
0.0,631840,128,4936.3,4928.0,4704,5376,119.3,"void at::native::elementwise_kernel<(int)128, (int)4, void at::native::gpu_kernel_impl<at::native::<unnamed>::pow_tensor_tensor_kernel(at::TensorIteratorBase &)::[lambda() (instance 1)]::operator ()() const::[lambda() (instance 7)]::operator ()() const::[lambda(float, float) (instance 1)]>(at::TensorIteratorBase &, const T1 &)::[lambda(int) (instance 1)]>(int, T3)"
0.0,575518,384,1498.7,1504.0,1408,1568,28.3,"void at::native::vectorized_elementwise_kernel<(int)4, at::native::CUDAFunctorOnOther_add<float>, std::array<char *, (unsigned long)2>>(int, T2, T3)"
0.0,543257,256,2122.1,2144.0,1888,2336,96.8,"void at::native::<unnamed>::distribution_elementwise_grid_stride_kernel<float, (int)4, void at::native::templates::cuda::normal_and_transform<float, float, at::CUDAGeneratorImpl *, void at::native::templates::cuda::normal_kernel<at::CUDAGeneratorImpl *>(const at::TensorBase &, double, double, T1)::[lambda() (instance 1)]::operator ()() const::[lambda() (instance 2)]::operator ()() const::[lambda(float) (instance 1)]>(at::TensorIteratorBase &, T3, T4)::[lambda(curandStatePhilox4_32_10 *) (instance 2)], void at::native::<unnamed>::distribution_nullary_kernel<float, float, float4, at::CUDAGeneratorImpl *, void at::native::templates::cuda::normal_and_transform<float, float, at::CUDAGeneratorImpl *, void at::native::templates::cuda::normal_kernel<at::CUDAGeneratorImpl *>(const at::TensorBase &, double, double, T1)::[lambda() (instance 1)]::operator ()() const::[lambda() (instance 2)]::operator ()() const::[lambda(float) (instance 1)]>(at::TensorIteratorBase &, T3, T4)::[lambda(curandStatePhilox4_32_10 *) (instance 2)], void at::native::templates::cuda::normal_kernel<at::CUDAGeneratorImpl *>(const at::TensorBase &, double, double, T1)::[lambda() (instance 1)]::operator ()() const::[lambda() (instance 2)]::operator ()() const::[lambda(float) (instance 1)]>(at::TensorIteratorBase &, T4, const T5 &, T6)::[lambda(int, float) (instance 1)]>(long, at::PhiloxCudaState, T3, T4)"
0.0,536737,256,2096.6,2080.0,2016,2624,62.5,triton_red_fused_sum_7
0.0,535974,256,2093.6,2080.0,2016,2208,34.6,"void at::native::vectorized_elementwise_kernel<(int)4, void at::native::<unnamed>::pow_tensor_scalar_kernel_impl<float, float>(at::TensorIteratorBase &, T2)::[lambda(float) (instance 4)], std::array<char *, (unsigned long)2>>(int, T2, T3)"
0.0,509439,128,3980.0,3968.0,3807,4672,115.4,triton_poi_fused__to_copy_add_div_index_mul_round_sub_11
0.0,509378,4,127344.5,139232.5,14688,216225,84031.4,"ncclDevKernel_AllReduce_Sum_u8_RING_LL(ncclDevComm *, unsigned long, ncclWork *)"
0.0,438050,128,3422.3,3424.0,2912,3936,206.6,triton_red_fused_sum_2
0.0,416423,128,3253.3,3296.0,2848,4000,242.2,"void at::native::reduce_kernel<(int)512, (int)1, at::native::ReduceOp<float, at::native::NormTwoOps<float, float, float>, unsigned int, float, (int)4>>(T3)"
0.0,395604,256,1545.3,1536.0,1440,1664,47.2,"void at::native::vectorized_elementwise_kernel<(int)4, at::native::<unnamed>::where_kernel_impl(at::TensorIterator &)::[lambda() (instance 1)]::operator ()() const::[lambda() (instance 7)]::operator ()() const::[lambda(bool, float, float) (instance 1)], std::array<char *, (unsigned long)4>>(int, T2, T3)"
0.0,391303,128,3057.1,3040.0,2912,3264,89.9,"void at::native::unrolled_elementwise_kernel<at::native::AUnaryFunctor<float, float, float, at::native::binary_internal::MulFunctor<float>>, std::array<char *, (unsigned long)2>, (int)4, TrivialOffsetCalculator<(int)1, unsigned int>, TrivialOffsetCalculator<(int)1, unsigned int>, at::native::memory::LoadWithCast<(int)1>, at::native::memory::StoreWithCast<(int)1>>(int, T1, T2, T4, T5, T6, T7)"
0.0,389154,256,1520.1,1504.0,1440,1664,44.7,"void at::native::vectorized_elementwise_kernel<(int)4, at::native::sigmoid_backward_kernel_cuda(at::TensorIteratorBase &)::[lambda() (instance 2)]::operator ()() const::[lambda() (instance 2)]::operator ()() const::[lambda(float, float) (instance 1)], std::array<char *, (unsigned long)3>>(int, T2, T3)"
0.0,387589,256,1514.0,1504.0,1439,1664,42.9,"void at::native::vectorized_elementwise_kernel<(int)4, void at::native::compare_scalar_kernel<float>(at::TensorIteratorBase &, at::native::<unnamed>::OpType, T1)::[lambda(float) (instance 1)], std::array<char *, (unsigned long)2>>(int, T2, T3)"
0.0,386187,256,1508.5,1519.5,1375,1665,96.9,"void at::native::vectorized_elementwise_kernel<(int)4, at::native::BinaryFunctor<float, float, float, at::native::binary_internal::DivFunctor<float>>, std::array<char *, (unsigned long)3>>(int, T2, T3)"
0.0,372549,128,2910.5,2880.0,2560,3776,189.6,"void at::native::lpnorm_cleanup<float, (at::native::NormType)1, float, float>(const T4 *, at::native::TensorListAddresses, int)"
0.0,358531,128,2801.0,2783.0,2560,4000,180.7,triton_poi_fused_add_div_mul_round_sub_6
0.0,343044,128,2680.0,2688.0,2624,2753,28.1,"void at::native::elementwise_kernel<(int)128, (int)2, void at::native::gpu_kernel_impl_nocast<at::native::direct_copy_kernel_cuda(at::TensorIteratorBase &)::[lambda() (instance 3)]::operator ()() const::[lambda() (instance 7)]::operator ()() const::[lambda(float) (instance 1)]>(at::TensorIteratorBase &, const T1 &)::[lambda(int) (instance 1)]>(int, T3)"
0.0,325856,128,2545.8,2560.0,2400,2752,93.9,"void at::native::elementwise_kernel<(int)128, (int)2, void at::native::gpu_kernel_impl_nocast<at::native::BinaryFunctor<float, float, float, at::native::binary_internal::MulFunctor<float>>>(at::TensorIteratorBase &, const T1 &)::[lambda(int) (instance 1)]>(int, T3)"
0.0,318403,128,2487.5,2464.0,2368,2976,83.7,"void at::native::<unnamed>::CatArrayBatchedCopy_aligned16_contig<at::native::<unnamed>::OpaqueType<(unsigned int)4>, unsigned int, (int)1, (int)128, (int)1>(T1 *, at::native::<unnamed>::CatArrInputTensorMetadata<T1, T2, T4, T5>, at::native::<unnamed>::TensorSizeStride<T2, (unsigned int)4>, int, T2)"
0.0,286560,128,2238.8,2208.5,2144,2432,53.5,"void at::native::elementwise_kernel<(int)128, (int)2, void at::native::gpu_kernel_impl_nocast<at::native::AUnaryFunctor<float, float, float, at::native::binary_internal::MulFunctor<float>>>(at::TensorIteratorBase &, const T1 &)::[lambda(int) (instance 1)]>(int, T3)"
0.0,285026,128,2226.8,2176.0,2048,3296,179.4,triton_poi_fused_add_arange_5
0.0,283271,128,2213.1,2208.0,2144,2304,34.4,"void at::native::vectorized_elementwise_kernel<(int)4, at::native::<unnamed>::clamp_kernel_impl(at::TensorIteratorBase &)::[lambda() (instance 1)]::operator ()() const::[lambda() (instance 7)]::operator ()() const::[lambda(float, float, float) (instance 1)], std::array<char *, (unsigned long)4>>(int, T2, T3)"
0.0,259556,128,2027.8,2016.0,1856,2209,81.8,triton_poi_fused_floor_divide_sub_0
0.0,255549,128,1996.5,1952.0,1728,3072,182.9,triton_poi_fused_add_div_mul_round_sub_1
0.0,251168,128,1962.3,1952.0,1792,2752,123.7,triton_poi_fused_add_div_mul_round_sub_4
0.0,241408,128,1886.0,1888.0,1792,1984,36.8,"void at::native::vectorized_elementwise_kernel<(int)4, at::native::sqrt_kernel_cuda(at::TensorIteratorBase &)::[lambda() (instance 2)]::operator ()() const::[lambda() (instance 2)]::operator ()() const::[lambda(float) (instance 1)], std::array<char *, (unsigned long)2>>(int, T2, T3)"
0.0,234014,128,1828.2,1792.0,1599,2687,152.1,triton_poi_fused_add_div_mul_round_sub_3
0.0,232546,128,1816.8,1792.0,1567,2720,184.9,triton_poi_fused_add_div_mul_round_sub_2
0.0,232232,128,1814.3,1856.0,1632,2464,126.4,triton_poi_fused_add_div_mul_repeat_round_sub_1
0.0,227812,128,1779.8,1760.0,1568,2528,146.0,triton_poi_fused_add_div_mul_round_sub_0
0.0,224416,128,1753.3,1792.0,1599,2016,100.4,"void at::native::vectorized_elementwise_kernel<(int)4, at::native::BinaryFunctor<bool, bool, bool, at::native::binary_internal::MulFunctor<bool>>, std::array<char *, (unsigned long)3>>(int, T2, T3)"
0.0,222851,128,1741.0,1760.0,1440,2016,114.1,triton_red_fused_sum_3
0.0,220994,128,1726.5,1728.0,1663,1888,33.8,triton_poi_fused_index_put_new_zeros_1
0.0,220771,128,1724.8,1760.0,1568,2016,102.0,"void at::native::vectorized_elementwise_kernel<(int)4, at::native::reciprocal_kernel_cuda(at::TensorIteratorBase &)::[lambda() (instance 1)]::operator ()() const::[lambda() (instance 2)]::operator ()() const::[lambda(float) (instance 1)], std::array<char *, (unsigned long)2>>(int, T2, T3)"
0.0,216832,128,1694.0,1696.0,1535,2080,115.9,"void at::native::vectorized_elementwise_kernel<(int)4, at::native::BinaryFunctor<bool, bool, bool, at::native::BitwiseAndFunctor<bool>>, std::array<char *, (unsigned long)3>>(int, T2, T3)"
0.0,206562,128,1613.8,1600.0,1472,2048,91.4,triton_per_fused_sum_9
0.0,206016,128,1609.5,1615.5,1408,1920,115.0,"void at::native::vectorized_elementwise_kernel<(int)4, at::native::AUnaryFunctor<float, float, bool, at::native::<unnamed>::CompareEqFunctor<float>>, std::array<char *, (unsigned long)2>>(int, T2, T3)"
0.0,198086,128,1547.5,1537.0,1503,1601,23.0,"void at::native::vectorized_elementwise_kernel<(int)4, at::native::<unnamed>::CompareFunctor<float>, std::array<char *, (unsigned long)3>>(int, T2, T3)"
0.0,195708,128,1529.0,1535.5,1472,1632,41.9,"void at::native::vectorized_elementwise_kernel<(int)4, void at::native::<unnamed>::pow_tensor_scalar_kernel_impl<float, float>(at::TensorIteratorBase &, T2)::[lambda(float) (instance 1)], std::array<char *, (unsigned long)2>>(int, T2, T3)"
0.0,195299,128,1525.8,1536.0,1472,1568,24.1,"void at::native::vectorized_elementwise_kernel<(int)4, at::native::sign_kernel_cuda(at::TensorIteratorBase &)::[lambda() (instance 1)]::operator ()() const::[lambda() (instance 7)]::operator ()() const::[lambda(float) (instance 1)], std::array<char *, (unsigned long)2>>(int, T2, T3)"
0.0,187424,128,1464.3,1472.0,1408,1505,27.2,triton_poi_fused_new_zeros_0
0.0,182501,128,1425.8,1456.0,1280,1632,95.0,"void at::native::vectorized_elementwise_kernel<(int)4, at::native::BinaryFunctor<float, float, bool, at::native::<unnamed>::CompareEqFunctor<float>>, std::array<char *, (unsigned long)3>>(int, T2, T3)"
0.0,157627,128,1231.5,1280.0,1120,1345,92.2,"void at::native::vectorized_elementwise_kernel<(int)4, at::native::FillFunctor<double>, std::array<char *, (unsigned long)1>>(int, T2, T3)"
0.0,4960,4,1240.0,1232.0,1152,1344,102.4,"void at::native::vectorized_elementwise_kernel<(int)4, at::native::FillFunctor<bool>, std::array<char *, (unsigned long)1>>(int, T2, T3)"
