Time (%),Total Time (ns),Num Calls,Avg (ns),Med (ns),Min (ns),Max (ns),StdDev (ns),Name
36.4,213791081,21515,9936.8,7831.0,3575,186751,7446.2,cudaLaunchKernel
27.7,162707410,3,54235803.3,55475536.0,46452763,60779111,7243187.5,cudaProfilerStop
10.9,64156084,15,4277072.3,365220.0,6770,32302310,8979854.5,cudaStreamSynchronize
9.5,55928934,5248,10657.2,8503.0,3335,217167,7563.9,cuLaunchKernel
6.4,37547418,16232,2313.2,1483.0,581,2126581,18935.2,cudaEventQuery
2.5,14725881,530,27784.7,24937.0,8162,164428,13984.9,cudaMemcpyAsync
2.3,13705533,2875,4767.1,1893.0,561,149214,10256.3,cudaEventRecord
2.0,11700661,907,12900.4,11477.0,5778,281533,10072.7,cudaLaunchKernelExC_v11060
0.8,4761446,1708,2787.7,2028.0,742,28192,2491.5,cudaStreamWaitEvent
0.4,2227468,523,4259.0,2835.0,931,63696,6149.5,cudaEventCreateWithFlags
0.3,1893280,1035,1829.3,1513.0,491,32088,2161.7,cudaStreamIsCapturing_v10000
0.2,1283031,520,2467.4,2023.0,701,80641,3867.9,cudaEventDestroy
0.2,959082,640,1498.6,1252.0,340,18217,1175.3,cuKernelGetFunction
0.1,664482,395,1682.2,1542.0,601,10496,986.2,cudaStreamGetCaptureInfo_v2_v11030
0.0,287523,4,71880.8,72960.0,54001,87602,13775.0,cudaHostAlloc
0.0,211137,8,26392.1,25077.5,9054,53100,15524.8,cudaDeviceSynchronize
0.0,42492,4,10623.0,10685.5,7010,14111,3447.5,cuProfilerStart
